日期,玩家A,牌組A,玩家B,牌組B,勝者,先攻方,備註
2024-06-01 20:02,小明,OP07-038,小華,OP09-001,小華,小明,測試匯入備註
2024-06-02 16:54,阿Ken,OP09-042,店長,OP08-001,店長,阿Ken,
2024-06-03 18:54,常客甲,OP16-080,常客乙,EB03-001,常客甲,常客乙,
2024-06-04 05:21,新手C,OP16-079,老手D,OP01-001,新手C,新手C,
2024-06-04 19:49,週末E,OP02-002,週末F,OP03-022,週末E,週末F,
2024-06-05 15:44,牌組G,OP07-079,牌組H,OP05-060,牌組G,牌組H,
2024-06-06 18:37,小明,OP08-057,小華,OP06-022,小華,小華,
2024-06-07 06:39,阿Ken,OP09-081,店長,OP10-022,阿Ken,阿Ken,
2024-06-08 19:22,常客甲,OP16-001,常客乙,OP11-040,常客甲,常客乙,
2024-06-08 14:24,新手C,ST10-003,老手D,OP07-038,新手C,新手C,
2024-06-09 14:24,週末E,OP12-061,週末F,OP09-042,週末E,週末F,
2024-06-10 07:34,牌組G,OP09-001,牌組H,OP16-080,牌組H,牌組G,
2024-06-11 20:58,小明,OP08-001,小華,OP16-079,小明,小華,
2024-06-11 16:05,阿Ken,EB03-001,店長,OP02-002,店長,店長,
2024-06-12 17:37,常客甲,OP01-001,常客乙,OP07-079,常客乙,常客甲,
2024-06-13 14:06,新手C,OP03-022,老手D,OP08-057,新手C,老手D,
2024-06-14 02:58,週末E,OP05-060,週末F,OP09-081,週末F,週末E,
2024-06-14 18:43,牌組G,OP06-022,牌組H,OP16-001,牌組H,牌組H,測試匯入備註
2024-06-15 16:46,小明,OP10-022,小華,ST10-003,小明,小明,
2024-06-16 21:17,阿Ken,OP11-040,店長,OP12-061,店長,阿Ken,
2024-06-17 03:47,常客甲,OP07-038,常客乙,OP09-001,常客乙,常客乙,
2024-06-17 15:24,新手C,OP09-042,老手D,OP08-001,老手D,老手D,
2024-06-18 14:58,週末E,OP16-080,週末F,EB03-001,週末E,週末E,
2024-06-19 17:00,牌組G,OP16-079,牌組H,OP01-001,牌組G,牌組G,GG
2024-06-20 05:24,小明,OP02-002,小華,OP03-022,小華,小明,
2024-06-20 16:03,阿Ken,OP07-079,店長,OP05-060,阿Ken,店長,
2024-06-21 15:34,常客甲,OP08-057,常客乙,OP06-022,常客甲,常客甲,
2024-06-22 21:16,新手C,OP09-081,老手D,OP10-022,新手C,老手D,
2024-06-23 06:32,週末E,OP16-001,週末F,OP11-040,週末F,週末E,
2024-06-23 19:39,牌組G,ST10-003,牌組H,OP07-038,牌組H,牌組H,
2024-06-24 20:03,小明,OP12-061,小華,OP09-042,小明,小明,
2024-06-25 20:37,阿Ken,OP09-001,店長,OP16-080,店長,店長,鏡像局
2024-06-26 07:45,常客甲,OP08-001,常客乙,OP16-079,常客甲,常客甲,
2024-06-27 16:29,新手C,EB03-001,老手D,OP02-002,新手C,老手D,
2024-06-27 13:39,週末E,OP01-001,週末F,OP07-079,週末F,週末F,測試匯入備註
2024-06-28 18:32,牌組G,OP03-022,牌組H,OP08-057,牌組G,牌組G,
2024-06-29 08:18,小明,OP05-060,小華,OP09-081,小華,小華,
2024-06-30 15:09,阿Ken,OP06-022,店長,OP16-001,阿Ken,阿Ken,
2024-06-30 15:39,常客甲,OP10-022,常客乙,ST10-003,常客甲,常客甲,
2024-07-01 18:47,新手C,OP11-040,老手D,OP12-061,新手C,新手C,
2024-07-02 19:55,週末E,OP07-038,週末F,OP09-001,週末E,週末F,
2024-07-03 03:24,牌組G,OP09-042,牌組H,OP08-001,牌組G,牌組H,
2024-07-03 21:19,小明,OP16-080,小華,EB03-001,小華,小華,
2024-07-04 14:24,阿Ken,OP16-079,店長,OP01-001,阿Ken,阿Ken,
2024-07-05 18:16,常客甲,OP02-002,常客乙,OP03-022,常客甲,常客甲,
2024-07-06 04:50,新手C,OP07-079,老手D,OP05-060,老手D,新手C,
2024-07-06 16:10,週末E,OP08-057,週末F,OP06-022,週末F,週末F,GG
2024-07-07 16:05,牌組G,OP09-081,牌組H,OP10-022,牌組H,牌組H,
2024-07-08 21:36,小明,OP16-001,小華,OP11-040,小明,小華,
2024-07-09 06:14,阿Ken,ST10-003,店長,OP07-038,阿Ken,店長,
2024-07-09 16:51,常客甲,OP12-061,常客乙,OP09-042,常客乙,常客乙,
2024-07-10 14:59,新手C,OP09-001,老手D,OP16-080,新手C,新手C,測試匯入備註
2024-07-11 19:04,週末E,OP08-001,週末F,OP16-079,週末F,週末F,
2024-07-12 07:02,牌組G,EB03-001,牌組H,OP02-002,牌組G,牌組G,
2024-07-13 16:59,小明,OP01-001,小華,OP07-079,小華,小華,
2024-07-13 13:34,阿Ken,OP03-022,店長,OP08-057,店長,店長,
2024-07-14 13:51,常客甲,OP05-060,常客乙,OP09-081,常客甲,常客乙,
2024-07-15 08:21,新手C,OP06-022,老手D,OP16-001,老手D,新手C,
2024-07-16 14:52,週末E,OP10-022,週末F,ST10-003,週末E,週末F,
2024-07-16 17:43,牌組G,OP11-040,牌組H,OP12-061,牌組H,牌組H,
2024-07-17 13:44,小明,OP07-038,小華,OP09-001,小明,小華,
2024-07-18 15:56,阿Ken,OP09-042,店長,OP08-001,店長,店長,
2024-07-19 03:11,常客甲,OP16-080,常客乙,EB03-001,常客乙,常客乙,鏡像局
2024-07-19 20:04,新手C,OP16-079,老手D,OP01-001,老手D,新手C,
2024-07-20 15:07,週末E,OP02-002,週末F,OP03-022,週末E,週末F,
2024-07-21 19:07,牌組G,OP07-079,牌組H,OP05-060,牌組G,牌組H,
2024-07-22 04:36,小明,OP08-057,小華,OP06-022,小明,小華,
2024-07-22 13:54,阿Ken,OP09-081,店長,OP10-022,店長,阿Ken,
2024-07-23 15:08,常客甲,OP16-001,常客乙,OP11-040,常客甲,常客乙,測試匯入備註
2024-07-24 20:41,新手C,ST10-003,老手D,OP07-038,新手C,老手D,GG
2024-07-25 05:36,週末E,OP12-061,週末F,OP09-042,週末E,週末F,
2024-07-25 15:08,牌組G,OP09-001,牌組H,OP16-080,牌組G,牌組G,
2024-07-26 14:18,小明,OP08-001,小華,OP16-079,小明,小明,
2024-07-27 18:43,阿Ken,EB03-001,店長,OP02-002,店長,店長,
2024-07-28 06:41,常客甲,OP01-001,常客乙,OP07-079,常客乙,常客乙,
2024-07-29 16:59,新手C,OP03-022,老手D,OP08-057,新手C,老手D,
2024-07-29 14:58,週末E,OP05-060,週末F,OP09-081,週末F,週末E,
2024-07-30 16:34,牌組G,OP06-022,牌組H,OP16-001,牌組G,牌組G,
2024-07-31 07:45,小明,OP10-022,小華,ST10-003,小明,小華,
2024-08-01 19:46,阿Ken,OP11-040,店長,OP12-061,店長,阿Ken,
2024-08-01 19:06,常客甲,OP07-038,常客乙,OP09-001,常客乙,常客乙,
2024-08-02 21:29,新手C,OP09-042,老手D,OP08-001,老手D,新手C,
2024-08-03 08:36,週末E,OP16-080,週末F,EB03-001,週末E,週末E,
2024-08-04 19:58,牌組G,OP16-079,牌組H,OP01-001,牌組G,牌組H,
2024-08-04 14:58,小明,OP02-002,小華,OP03-022,小明,小明,
2024-08-05 16:20,阿Ken,OP07-079,店長,OP05-060,阿Ken,店長,測試匯入備註
2024-08-06 19:16,常客甲,OP08-057,常客乙,OP06-022,常客乙,常客乙,
2024-08-07 03:59,新手C,OP09-081,老手D,OP10-022,老手D,老手D,
2024-08-07 18:21,週末E,OP16-001,週末F,OP11-040,週末F,週末E,
2024-08-08 17:13,牌組G,ST10-003,牌組H,OP07-038,牌組G,牌組H,
2024-08-09 15:15,小明,OP12-061,小華,OP09-042,小華,小華,
2024-08-10 05:24,阿Ken,OP09-001,店長,OP16-080,店長,阿Ken,
2024-08-10 20:18,常客甲,OP08-001,常客乙,OP16-079,常客乙,常客甲,GG
2024-08-11 14:02,新手C,EB03-001,老手D,OP02-002,新手C,新手C,鏡像局
2024-08-12 14:09,週末E,OP01-001,週末F,OP07-079,週末F,週末F,
2024-08-13 06:09,牌組G,OP03-022,牌組H,OP08-057,牌組G,牌組H,
2024-08-13 19:08,小明,OP05-060,小華,OP09-081,小華,小華,
2024-08-14 16:21,阿Ken,OP06-022,店長,OP16-001,店長,店長,
2024-08-15 18:18,常客甲,OP10-022,常客乙,ST10-003,常客甲,常客甲,
2024-08-16 07:40,新手C,OP11-040,老手D,OP12-061,老手D,新手C,
2024-08-17 20:57,週末E,OP07-038,週末F,OP09-001,週末E,週末F,
2024-08-17 16:38,牌組G,OP09-042,牌組H,OP08-001,牌組H,牌組H,
2024-08-18 15:48,小明,OP16-080,小華,EB03-001,小華,小華,測試匯入備註
2024-08-19 08:28,阿Ken,OP16-079,店長,OP01-001,店長,店長,
2024-08-20 18:59,常客甲,OP02-002,常客乙,OP03-022,常客乙,常客乙,
2024-08-20 14:09,新手C,OP07-079,老手D,OP05-060,新手C,新手C,
2024-08-21 15:31,週末E,OP08-057,週末F,OP06-022,週末F,週末E,
2024-08-22 16:03,牌組G,OP09-081,牌組H,OP10-022,牌組G,牌組H,
2024-08-23 03:46,小明,OP16-001,小華,OP11-040,小明,小明,
2024-08-23 20:26,阿Ken,ST10-003,店長,OP07-038,阿Ken,店長,
2024-08-24 20:51,常客甲,OP12-061,常客乙,OP09-042,常客甲,常客乙,
2024-08-25 14:11,新手C,OP09-001,老手D,OP16-080,老手D,老手D,
2024-08-26 05:00,週末E,OP08-001,週末F,OP16-079,週末F,週末F,
2024-08-26 20:28,牌組G,EB03-001,牌組H,OP02-002,牌組H,牌組G,
2024-08-27 16:46,小明,OP01-001,小華,OP07-079,小明,小華,
2024-08-28 15:05,阿Ken,OP03-022,店長,OP08-057,阿Ken,店長,GG
2024-08-29 05:49,常客甲,OP05-060,常客乙,OP09-081,常客乙,常客甲,
2024-08-29 14:23,新手C,OP06-022,老手D,OP16-001,新手C,老手D,
2024-08-30 17:35,週末E,OP10-022,週末F,ST10-003,週末E,週末E,
2024-08-31 17:35,牌組G,OP11-040,牌組H,OP12-061,牌組H,牌組G,測試匯入備註
2024-09-01 06:43,小明,OP07-038,小華,OP09-001,小明,小華,
2024-09-02 18:14,阿Ken,OP09-042,店長,OP08-001,店長,阿Ken,
2024-09-02 16:28,常客甲,OP16-080,常客乙,EB03-001,常客甲,常客甲,
2024-09-03 14:34,新手C,OP16-079,老手D,OP01-001,新手C,新手C,
2024-09-04 07:45,週末E,OP02-002,週末F,OP03-022,週末F,週末F,鏡像局
2024-09-05 15:12,牌組G,OP07-079,牌組H,OP05-060,牌組H,牌組G,
2024-09-05 21:18,小明,OP08-057,小華,OP06-022,小明,小明,
2024-09-06 18:38,阿Ken,OP09-081,店長,OP10-022,店長,店長,
2024-09-07 14:58,常客甲,OP16-001,常客乙,OP11-040,常客甲,常客甲,
2024-09-08 03:47,新手C,ST10-003,老手D,OP07-038,老手D,新手C,
2024-09-08 14:21,週末E,OP12-061,週末F,OP09-042,週末F,週末F,
2024-09-09 15:35,牌組G,OP09-001,牌組H,OP16-080,牌組H,牌組H,
2024-09-10 17:43,小明,OP08-001,小華,OP16-079,小華,小華,
2024-09-11 04:22,阿Ken,EB03-001,店長,OP02-002,阿Ken,阿Ken,
2024-09-11 14:46,常客甲,OP01-001,常客乙,OP07-079,常客乙,常客乙,
2024-09-12 16:01,新手C,OP03-022,老手D,OP08-057,新手C,老手D,
2024-09-13 21:21,週末E,OP05-060,週末F,OP09-081,週末F,週末E,測試匯入備註
2024-09-14 05:24,牌組G,OP06-022,牌組H,OP16-001,牌組G,牌組G,
2024-09-14 17:35,小明,OP10-022,小華,ST10-003,小明,小明,GG
2024-09-15 17:13,阿Ken,OP11-040,店長,OP12-061,店長,阿Ken,
2024-09-16 21:13,常客甲,OP07-038,常客乙,OP09-001,常客甲,常客甲,
2024-09-17 06:14,新手C,OP09-042,老手D,OP08-001,新手C,新手C,
2024-09-18 15:39,週末E,OP16-080,週末F,EB03-001,週末E,週末F,
2024-09-18 16:10,牌組G,OP16-079,牌組H,OP01-001,牌組G,牌組H,
2024-09-19 18:55,小明,OP02-002,小華,OP03-022,小華,小華,
2024-09-20 07:18,阿Ken,OP07-079,店長,OP05-060,阿Ken,阿Ken,
2024-09-21 15:15,常客甲,OP08-057,常客乙,OP06-022,常客乙,常客乙,
2024-09-21 17:57,新手C,OP09-081,老手D,OP10-022,老手D,新手C,
2024-09-22 13:43,週末E,OP16-001,週末F,OP11-040,週末E,週末E,
2024-09-23 08:15,牌組G,ST10-003,牌組H,OP07-038,牌組H,牌組G,
2024-09-24 19:53,小明,OP12-061,小華,OP09-042,小明,小明,
2024-09-24 20:23,阿Ken,OP09-001,店長,OP16-080,阿Ken,店長,
2024-09-25 21:20,常客甲,OP08-001,常客乙,OP16-079,常客乙,常客乙,
2024-09-26 21:09,新手C,EB03-001,老手D,OP02-002,老手D,老手D,測試匯入備註
2024-09-27 04:05,週末E,OP01-001,週末F,OP07-079,週末E,週末F,
2024-09-27 19:51,牌組G,OP03-022,牌組H,OP08-057,牌組H,牌組G,鏡像局
2024-09-28 21:05,小明,OP05-060,小華,OP09-081,小明,小明,
2024-09-29 16:33,阿Ken,OP06-022,店長,OP16-001,阿Ken,阿Ken,
2024-09-30 04:37,常客甲,OP10-022,常客乙,ST10-003,常客乙,常客乙,
2024-09-30 19:42,新手C,OP11-040,老手D,OP12-061,新手C,老手D,
2024-10-01 17:03,週末E,OP07-038,週末F,OP09-001,週末E,週末F,
2024-10-02 14:41,牌組G,OP09-042,牌組H,OP08-001,牌組H,牌組G,GG
2024-10-03 06:10,小明,OP16-080,小華,EB03-001,小明,小明,
2024-10-03 19:51,阿Ken,OP16-079,店長,OP01-001,店長,店長,
2024-10-04 20:28,常客甲,OP02-002,常客乙,OP03-022,常客乙,常客乙,
2024-10-05 15:52,新手C,OP07-079,老手D,OP05-060,新手C,新手C,
2024-10-06 06:59,週末E,OP08-057,週末F,OP06-022,週末F,週末F,
2024-10-07 20:29,牌組G,OP09-081,牌組H,OP10-022,牌組H,牌組G,
2024-10-07 18:01,小明,OP16-001,小華,OP11-040,小華,小華,
2024-10-08 15:06,阿Ken,ST10-003,店長,OP07-038,阿Ken,店長,
2024-10-09 08:28,常客甲,OP12-061,常客乙,OP09-042,常客乙,常客乙,測試匯入備註
2024-10-10 20:24,新手C,OP09-001,老手D,OP16-080,老手D,新手C,
2024-10-10 15:48,週末E,OP08-001,週末F,OP16-079,週末E,週末F,
2024-10-11 15:22,牌組G,EB03-001,牌組H,OP02-002,牌組G,牌組H,
2024-10-12 16:29,小明,OP01-001,小華,OP07-079,小明,小明,
2024-10-13 03:15,阿Ken,OP03-022,店長,OP08-057,店長,店長,
2024-10-13 19:07,常客甲,OP05-060,常客乙,OP09-081,常客甲,常客甲,
2024-10-14 15:11,新手C,OP06-022,老手D,OP16-001,新手C,老手D,
2024-10-15 14:41,週末E,OP10-022,週末F,ST10-003,週末F,週末E,
2024-10-16 04:39,牌組G,OP11-040,牌組H,OP12-061,牌組G,牌組H,
2024-10-16 19:15,小明,OP07-038,小華,OP09-001,小明,小明,
2024-10-17 21:20,阿Ken,OP09-042,店長,OP08-001,阿Ken,阿Ken,
2024-10-18 16:10,常客甲,OP16-080,常客乙,EB03-001,常客甲,常客乙,
2024-10-19 05:28,新手C,OP16-079,老手D,OP01-001,老手D,老手D,
2024-10-19 15:14,週末E,OP02-002,週末F,OP03-022,週末E,週末E,GG
2024-10-20 16:51,牌組G,OP07-079,牌組H,OP05-060,牌組G,牌組G,
2024-10-21 14:26,小明,OP08-057,小華,OP06-022,小明,小明,鏡像局
2024-10-22 07:12,阿Ken,OP09-081,店長,OP10-022,店長,阿Ken,測試匯入備註
2024-10-23 20:46,常客甲,OP16-001,常客乙,OP11-040,常客乙,常客乙,
2024-10-23 18:58,新手C,ST10-003,老手D,OP07-038,新手C,新手C,
2024-10-24 14:55,週末E,OP12-061,週末F,OP09-042,週末E,週末E,
2024-10-25 07:30,牌組G,OP09-001,牌組H,OP16-080,牌組H,牌組G,
2024-10-26 18:47,小明,OP08-001,小華,OP16-079,小華,小明,
2024-10-26 15:01,阿Ken,EB03-001,店長,OP02-002,店長,店長,
2024-10-27 17:46,常客甲,OP01-001,常客乙,OP07-079,常客乙,常客乙,
2024-10-28 20:00,新手C,OP03-022,老手D,OP08-057,新手C,新手C,
2024-10-29 03:31,週末E,OP05-060,週末F,OP09-081,週末E,週末F,
2024-10-29 19:46,牌組G,OP06-022,牌組H,OP16-001,牌組H,牌組H,
2024-10-30 18:18,小明,OP10-022,小華,ST10-003,小明,小明,
2024-10-31 20:24,阿Ken,OP11-040,店長,OP12-061,阿Ken,店長,
2024-11-01 04:04,常客甲,OP07-038,常客乙,OP09-001,常客甲,常客甲,
2024-11-01 19:40,新手C,OP09-042,老手D,OP08-001,新手C,新手C,
2024-11-02 18:17,週末E,OP16-080,週末F,EB03-001,週末F,週末F,
2024-11-03 13:38,牌組G,OP16-079,牌組H,OP01-001,牌組G,牌組G,
2024-11-04 04:47,小明,OP02-002,小華,OP03-022,小明,小明,測試匯入備註
2024-11-04 20:57,阿Ken,OP07-079,店長,OP05-060,阿Ken,阿Ken,
2024-11-05 13:28,常客甲,OP08-057,常客乙,OP06-022,常客甲,常客甲,
2024-11-06 16:40,新手C,OP09-081,老手D,OP10-022,老手D,新手C,GG
2024-11-07 06:00,週末E,OP16-001,週末F,OP11-040,週末F,週末E,
2024-11-07 21:16,牌組G,ST10-003,牌組H,OP07-038,牌組G,牌組G,
2024-11-08 20:02,小明,OP12-061,小華,OP09-042,小華,小華,
2024-11-09 16:04,阿Ken,OP09-001,店長,OP16-080,阿Ken,店長,
2024-11-10 07:39,常客甲,OP08-001,常客乙,OP16-079,常客乙,常客甲,
2024-11-11 16:50,新手C,EB03-001,老手D,OP02-002,新手C,老手D,
2024-11-11 13:29,週末E,OP01-001,週末F,OP07-079,週末F,週末F,
2024-11-12 19:13,牌組G,OP03-022,牌組H,OP08-057,牌組H,牌組H,
2024-11-13 19:55,小明,OP05-060,小華,OP09-081,小華,小華,
2024-11-14 02:36,阿Ken,OP06-022,店長,OP16-001,阿Ken,阿Ken,鏡像局
2024-11-14 18:21,常客甲,OP10-022,常客乙,ST10-003,常客甲,常客乙,
2024-11-15 14:53,新手C,OP11-040,老手D,OP12-061,老手D,老手D,
2024-11-16 16:51,週末E,OP07-038,週末F,OP09-001,週末E,週末E,
2024-11-17 03:37,牌組G,OP09-042,牌組H,OP08-001,牌組G,牌組G,測試匯入備註
2024-11-17 20:56,小明,OP16-080,小華,EB03-001,小華,小華,
2024-11-18 17:45,阿Ken,OP16-079,店長,OP01-001,阿Ken,阿Ken,
2024-11-19 19:54,常客甲,OP02-002,常客乙,OP03-022,常客甲,常客乙,
2024-11-20 04:53,新手C,OP07-079,老手D,OP05-060,老手D,老手D,
2024-11-20 19:55,週末E,OP08-057,週末F,OP06-022,週末E,週末F,
2024-11-21 14:44,牌組G,OP09-081,牌組H,OP10-022,牌組G,牌組G,
2024-11-22 15:29,小明,OP16-001,小華,OP11-040,小明,小明,
2024-11-23 06:10,阿Ken,ST10-003,店長,OP07-038,阿Ken,店長,
2024-11-23 18:02,常客甲,OP12-061,常客乙,OP09-042,常客乙,常客乙,GG
2024-11-24 18:24,新手C,OP09-001,老手D,OP16-080,新手C,老手D,
2024-11-25 18:35,週末E,OP08-001,週末F,OP16-079,週末E,週末F,
2024-11-26 06:43,牌組G,EB03-001,牌組H,OP02-002,牌組H,牌組G,
2024-11-27 18:11,小明,OP01-001,小華,OP07-079,小華,小明,
2024-11-27 18:44,阿Ken,OP03-022,店長,OP08-057,店長,店長,
2024-11-28 20:29,常客甲,OP05-060,常客乙,OP09-081,常客乙,常客甲,
2024-11-29 08:34,新手C,OP06-022,老手D,OP16-001,新手C,新手C,
2024-11-30 14:45,週末E,OP10-022,週末F,ST10-003,週末E,週末E,測試匯入備註
2024-11-30 15:50,牌組G,OP11-040,牌組H,OP12-061,牌組H,牌組G,
2024-12-01 16:26,小明,OP07-038,小華,OP09-001,小明,小華,
2024-12-02 21:06,阿Ken,OP09-042,店長,OP08-001,店長,店長,
2024-12-03 03:22,常客甲,OP16-080,常客乙,EB03-001,常客甲,常客甲,
2024-12-03 14:17,新手C,OP16-079,老手D,OP01-001,新手C,老手D,
2024-12-04 16:00,週末E,OP02-002,週末F,OP03-022,週末E,週末E,
2024-12-05 16:08,牌組G,OP07-079,牌組H,OP05-060,牌組H,牌組G,
2024-12-06 04:16,小明,OP08-057,小華,OP06-022,小明,小華,
2024-12-06 16:04,阿Ken,OP09-081,店長,OP10-022,店長,店長,
2024-12-07 17:47,常客甲,OP16-001,常客乙,OP11-040,常客乙,常客乙,鏡像局
2024-12-08 21:11,新手C,ST10-003,老手D,OP07-038,新手C,老手D,
2024-12-09 05:36,週末E,OP12-061,週末F,OP09-042,週末F,週末E,
2024-12-09 15:38,牌組G,OP09-001,牌組H,OP16-080,牌組H,牌組H,
2024-12-10 13:54,小明,OP08-001,小華,OP16-079,小明,小華,
2024-12-11 15:23,阿Ken,EB03-001,店長,OP02-002,店長,店長,GG
2024-12-12 06:28,常客甲,OP01-001,常客乙,OP07-079,常客乙,常客甲,
2024-12-13 20:47,新手C,OP03-022,老手D,OP08-057,新手C,老手D,測試匯入備註
2024-12-13 17:26,週末E,OP05-060,週末F,OP09-081,週末E,週末F,
2024-12-14 18:51,牌組G,OP06-022,牌組H,OP16-001,牌組G,牌組H,
2024-12-15 07:50,小明,OP10-022,小華,ST10-003,小明,小華,
2024-12-16 19:30,阿Ken,OP11-040,店長,OP12-061,阿Ken,店長,
2024-12-16 17:00,常客甲,OP07-038,常客乙,OP09-001,常客甲,常客乙,
2024-12-17 18:28,新手C,OP09-042,老手D,OP08-001,新手C,老手D,
2024-12-18 17:24,週末E,OP16-080,週末F,EB03-001,週末F,週末E,
2024-12-19 02:44,牌組G,OP16-079,牌組H,OP01-001,牌組G,牌組H,
2024-12-19 19:54,小明,OP02-002,小華,OP03-022,小華,小明,
2024-12-20 20:47,阿Ken,OP07-079,店長,OP05-060,阿Ken,阿Ken,
2024-12-21 17:16,常客甲,OP08-057,常客乙,OP06-022,常客甲,常客乙,
2024-12-22 04:21,新手C,OP09-081,老手D,OP10-022,老手D,老手D,
2024-12-22 16:47,週末E,OP16-001,週末F,OP11-040,週末F,週末E,
2024-12-23 14:19,牌組G,ST10-003,牌組H,OP07-038,牌組G,牌組G,
2024-12-24 16:38,小明,OP12-061,小華,OP09-042,小明,小華,
2024-12-25 04:51,阿Ken,OP09-001,店長,OP16-080,店長,店長,
2024-12-25 14:25,常客甲,OP08-001,常客乙,OP16-079,常客甲,常客乙,測試匯入備註
2024-12-26 13:42,新手C,EB03-001,老手D,OP02-002,老手D,老手D,
2024-12-27 20:31,週末E,OP01-001,週末F,OP07-079,週末E,週末F,
2024-12-28 05:47,牌組G,OP03-022,牌組H,OP08-057,牌組H,牌組G,
2024-12-28 16:46,小明,OP05-060,小華,OP09-081,小華,小華,GG
2024-12-29 19:04,阿Ken,OP06-022,店長,OP16-001,阿Ken,阿Ken,
2024-12-30 14:34,常客甲,OP10-022,常客乙,ST10-003,常客乙,常客甲,
2024-12-31 07:25,新手C,OP11-040,老手D,OP12-061,新手C,老手D,鏡像局
2025-01-01 21:35,週末E,OP07-038,週末F,OP09-001,週末E,週末E,
2025-01-01 18:54,牌組G,OP09-042,牌組H,OP08-001,牌組H,牌組G,
2025-01-02 13:40,小明,OP16-080,小華,EB03-001,小明,小華,
2025-01-03 08:01,阿Ken,OP16-079,店長,OP01-001,店長,阿Ken,
2025-01-04 14:51,常客甲,OP02-002,常客乙,OP03-022,常客乙,常客乙,
2025-01-04 16:46,新手C,OP07-079,老手D,OP05-060,新手C,新手C,
2025-01-05 16:09,週末E,OP08-057,週末F,OP06-022,週末E,週末E,
2025-01-06 20:44,牌組G,OP09-081,牌組H,OP10-022,牌組G,牌組G,
2025-01-07 03:43,小明,OP16-001,小華,OP11-040,小華,小明,
2025-01-07 19:05,阿Ken,ST10-003,店長,OP07-038,店長,阿Ken,測試匯入備註
2025-01-08 19:39,常客甲,OP12-061,常客乙,OP09-042,常客乙,常客甲,
2025-01-09 15:33,新手C,OP09-001,老手D,OP16-080,老手D,新手C,
2025-01-10 04:25,週末E,OP08-001,週末F,OP16-079,週末E,週末E,
2025-01-10 15:28,牌組G,EB03-001,牌組H,OP02-002,牌組G,牌組H,
2025-01-11 14:47,小明,OP01-001,小華,OP07-079,小華,小華,
2025-01-12 15:48,阿Ken,OP03-022,店長,OP08-057,阿Ken,阿Ken,
2025-01-13 05:18,常客甲,OP05-060,常客乙,OP09-081,常客乙,常客甲,
2025-01-13 20:57,新手C,OP06-022,老手D,OP16-001,老手D,新手C,
2025-01-14 15:00,週末E,OP10-022,週末F,ST10-003,週末F,週末E,
2025-01-15 13:58,牌組G,OP11-040,牌組H,OP12-061,牌組H,牌組G,GG
2025-01-16 06:56,小明,OP07-038,小華,OP09-001,小明,小華,
2025-01-17 17:50,阿Ken,OP09-042,店長,OP08-001,店長,阿Ken,
2025-01-17 15:46,常客甲,OP16-080,常客乙,EB03-001,常客乙,常客乙,
2025-01-18 18:20,新手C,OP16-079,老手D,OP01-001,新手C,新手C,
2025-01-19 08:10,週末E,OP02-002,週末F,OP03-022,週末F,週末E,
2025-01-20 13:51,牌組G,OP07-079,牌組H,OP05-060,牌組H,牌組G,
2025-01-20 16:36,小明,OP08-057,小華,OP06-022,小華,小華,測試匯入備註
2025-01-21 16:07,阿Ken,OP09-081,店長,OP10-022,店長,阿Ken,
2025-01-22 15:16,常客甲,OP16-001,常客乙,OP11-040,常客甲,常客乙,
2025-01-23 03:34,新手C,ST10-003,老手D,OP07-038,老手D,老手D,
2025-01-23 14:53,週末E,OP12-061,週末F,OP09-042,週末E,週末F,鏡像局
2025-01-24 15:06,牌組G,OP09-001,牌組H,OP16-080,牌組H,牌組H,
2025-01-25 21:04,小明,OP08-001,小華,OP16-079,小明,小明,
2025-01-26 04:02,阿Ken,EB03-001,店長,OP02-002,阿Ken,店長,
2025-01-26 16:09,常客甲,OP01-001,常客乙,OP07-079,常客乙,常客乙,
2025-01-27 16:34,新手C,OP03-022,老手D,OP08-057,老手D,老手D,
2025-01-28 18:30,週末E,OP05-060,週末F,OP09-081,週末F,週末E,
2025-01-29 05:10,牌組G,OP06-022,牌組H,OP16-001,牌組H,牌組H,
2025-01-29 16:39,小明,OP10-022,小華,ST10-003,小明,小華,
2025-01-30 19:21,阿Ken,OP11-040,店長,OP12-061,阿Ken,阿Ken,
2025-01-31 17:33,常客甲,OP07-038,常客乙,OP09-001,常客乙,常客乙,
2025-02-01 06:15,新手C,OP09-042,老手D,OP08-001,新手C,新手C,
2025-02-02 14:22,週末E,OP16-080,週末F,EB03-001,週末E,週末E,GG
2025-02-02 20:01,牌組G,OP16-079,牌組H,OP01-001,牌組G,牌組G,測試匯入備註
2025-02-03 20:52,小明,OP02-002,小華,OP03-022,小華,小明,
2025-02-04 07:04,阿Ken,OP07-079,店長,OP05-060,阿Ken,店長,
2025-02-05 18:10,常客甲,OP08-057,常客乙,OP06-022,常客乙,常客甲,
2025-02-05 20:35,新手C,OP09-081,老手D,OP10-022,老手D,老手D,
2025-02-06 15:20,週末E,OP16-001,週末F,OP11-040,週末E,週末E,
2025-02-07 08:15,牌組G,ST10-003,牌組H,OP07-038,牌組G,牌組G,
2025-02-08 15:33,小明,OP12-061,小華,OP09-042,小華,小明,
2025-02-08 21:01,阿Ken,OP09-001,店長,OP16-080,阿Ken,店長,
2025-02-09 19:54,常客甲,OP08-001,常客乙,OP16-079,常客乙,常客乙,
2025-02-10 21:24,新手C,EB03-001,老手D,OP02-002,老手D,新手C,
2025-02-11 03:54,週末E,OP01-001,週末F,OP07-079,週末E,週末F,
2025-02-11 21:29,牌組G,OP03-022,牌組H,OP08-057,牌組G,牌組G,
2025-02-12 19:55,小明,OP05-060,小華,OP09-081,小明,小華,
2025-02-13 21:24,阿Ken,OP06-022,店長,OP16-001,店長,店長,
2025-02-14 04:43,常客甲,OP10-022,常客乙,ST10-003,常客乙,常客乙,
2025-02-14 19:06,新手C,OP11-040,老手D,OP12-061,老手D,老手D,
2025-02-15 20:38,週末E,OP07-038,週末F,OP09-001,週末E,週末F,測試匯入備註
2025-02-16 15:52,牌組G,OP09-042,牌組H,OP08-001,牌組H,牌組H,鏡像局
2025-02-17 06:28,小明,OP16-080,小華,EB03-001,小華,小華,
2025-02-17 19:44,阿Ken,OP16-079,店長,OP01-001,店長,阿Ken,
2025-02-18 18:24,常客甲,OP02-002,常客乙,OP03-022,常客乙,常客乙,
2025-02-19 20:17,新手C,OP07-079,老手D,OP05-060,老手D,新手C,GG
2025-02-20 06:45,週末E,OP08-057,週末F,OP06-022,週末E,週末F,
2025-02-21 20:43,牌組G,OP09-081,牌組H,OP10-022,牌組G,牌組G,
2025-02-21 14:02,小明,OP16-001,小華,OP11-040,小明,小華,
2025-02-22 13:26,阿Ken,ST10-003,店長,OP07-038,店長,店長,
2025-02-23 08:06,常客甲,OP12-061,常客乙,OP09-042,常客乙,常客乙,
2025-02-24 16:06,新手C,OP09-001,老手D,OP16-080,老手D,老手D,
2025-02-24 20:23,週末E,OP08-001,週末F,OP16-079,週末F,週末F,
2025-02-25 15:32,牌組G,EB03-001,牌組H,OP02-002,牌組G,牌組G,
2025-02-26 17:17,小明,OP01-001,小華,OP07-079,小明,小明,
2025-02-27 03:40,阿Ken,OP03-022,店長,OP08-057,店長,店長,
2025-02-27 20:18,常客甲,OP05-060,常客乙,OP09-081,常客甲,常客甲,
2025-02-28 14:47,新手C,OP06-022,老手D,OP16-001,老手D,老手D,測試匯入備註
2025-03-01 14:22,週末E,OP10-022,週末F,ST10-003,週末E,週末E,
2025-03-02 04:17,牌組G,OP11-040,牌組H,OP12-061,牌組H,牌組G,
2025-03-02 16:56,小明,OP07-038,小華,OP09-001,小華,小明,
2025-03-03 15:38,阿Ken,OP09-042,店長,OP08-001,店長,阿Ken,
2025-03-04 16:19,常客甲,OP16-080,常客乙,EB03-001,常客乙,常客甲,
2025-03-05 05:26,新手C,OP16-079,老手D,OP01-001,新手C,老手D,
2025-03-05 18:12,週末E,OP02-002,週末F,OP03-022,週末E,週末F,
2025-03-06 15:21,牌組G,OP07-079,牌組H,OP05-060,牌組G,牌組H,
2025-03-07 18:50,小明,OP08-057,小華,OP06-022,小明,小華,
2025-03-08 06:46,阿Ken,OP09-081,店長,OP10-022,店長,店長,
2025-03-09 18:11,常客甲,OP16-001,常客乙,OP11-040,常客乙,常客乙,GG
2025-03-09 19:27,新手C,ST10-003,老手D,OP07-038,老手D,新手C,
2025-03-10 16:02,週末E,OP12-061,週末F,OP09-042,週末E,週末E,
2025-03-11 07:09,牌組G,OP09-001,牌組H,OP16-080,牌組H,牌組G,
2025-03-12 18:53,小明,OP08-001,小華,OP16-079,小明,小華,鏡像局
2025-03-12 17:43,阿Ken,EB03-001,店長,OP02-002,阿Ken,阿Ken,
2025-03-13 15:57,常客甲,OP01-001,常客乙,OP07-079,常客乙,常客乙,測試匯入備註
2025-03-14 20:30,新手C,OP03-022,老手D,OP08-057,新手C,新手C,
2025-03-15 03:03,週末E,OP05-060,週末F,OP09-081,週末F,週末E,
2025-03-15 20:21,牌組G,OP06-022,牌組H,OP16-001,牌組H,牌組H,
2025-03-16 17:53,小明,OP10-022,小華,ST10-003,小明,小明,
2025-03-17 20:45,阿Ken,OP11-040,店長,OP12-061,店長,阿Ken,
2025-03-18 03:54,常客甲,OP07-038,常客乙,OP09-001,常客甲,常客乙,
2025-03-18 20:45,新手C,OP09-042,老手D,OP08-001,新手C,老手D,
2025-03-19 16:03,週末E,OP16-080,週末F,EB03-001,週末F,週末E,
2025-03-20 18:12,牌組G,OP16-079,牌組H,OP01-001,牌組H,牌組G,
2025-03-21 05:21,小明,OP02-002,小華,OP03-022,小華,小明,
2025-03-21 21:30,阿Ken,OP07-079,店長,OP05-060,阿Ken,阿Ken,
2025-03-22 15:45,常客甲,OP08-057,常客乙,OP06-022,常客甲,常客甲,
2025-03-23 16:14,新手C,OP09-081,老手D,OP10-022,新手C,老手D,
2025-03-24 06:27,週末E,OP16-001,週末F,OP11-040,週末F,週末F,
2025-03-24 17:53,牌組G,ST10-003,牌組H,OP07-038,牌組H,牌組H,
2025-03-25 18:53,小明,OP12-061,小華,OP09-042,小華,小明,
2025-03-26 16:53,阿Ken,OP09-001,店長,OP16-080,阿Ken,店長,測試匯入備註
2025-03-27 06:45,常客甲,OP08-001,常客乙,OP16-079,常客乙,常客乙,
2025-03-28 19:35,新手C,EB03-001,老手D,OP02-002,老手D,新手C,
2025-03-28 15:20,週末E,OP01-001,週末F,OP07-079,週末F,週末F,
2025-03-29 13:45,牌組G,OP03-022,牌組H,OP08-057,牌組H,牌組H,
2025-03-30 07:56,小明,OP05-060,小華,OP09-081,小華,小明,
2025-03-31 19:51,阿Ken,OP06-022,店長,OP16-001,店長,阿Ken,
2025-03-31 15:27,常客甲,OP10-022,常客乙,ST10-003,常客乙,常客甲,
2025-04-01 20:16,新手C,OP11-040,老手D,OP12-061,新手C,老手D,
2025-04-02 13:52,週末E,OP07-038,週末F,OP09-001,週末F,週末E,
2025-04-03 03:49,牌組G,OP09-042,牌組H,OP08-001,牌組G,牌組H,
2025-04-03 15:18,小明,OP16-080,小華,EB03-001,小明,小明,
2025-04-04 20:13,阿Ken,OP16-079,店長,OP01-001,阿Ken,店長,鏡像局
2025-04-05 20:56,常客甲,OP02-002,常客乙,OP03-022,常客乙,常客甲,
2025-04-06 04:26,新手C,OP07-079,老手D,OP05-060,新手C,新手C,
2025-04-06 13:58,週末E,OP08-057,週末F,OP06-022,週末F,週末F,
2025-04-07 19:18,牌組G,OP09-081,牌組H,OP10-022,牌組H,牌組G,
2025-04-08 17:33,小明,OP16-001,小華,OP11-040,小華,小明,測試匯入備註
2025-04-09 05:41,阿Ken,ST10-003,店長,OP07-038,阿Ken,店長,
2025-04-09 13:20,常客甲,OP12-061,常客乙,OP09-042,常客乙,常客甲,
2025-04-10 19:10,新手C,OP09-001,老手D,OP16-080,老手D,新手C,
2025-04-11 18:30,週末E,OP08-001,週末F,OP16-079,週末F,週末E,
2025-04-12 06:42,牌組G,EB03-001,牌組H,OP02-002,牌組G,牌組H,
2025-04-13 20:27,小明,OP01-001,小華,OP07-079,小華,小華,GG
2025-04-13 19:26,阿Ken,OP03-022,店長,OP08-057,阿Ken,阿Ken,
2025-04-14 16:05,常客甲,OP05-060,常客乙,OP09-081,常客乙,常客乙,
2025-04-15 07:57,新手C,OP06-022,老手D,OP16-001,老手D,新手C,
2025-04-16 16:15,週末E,OP10-022,週末F,ST10-003,週末E,週末F,
2025-04-16 20:58,牌組G,OP11-040,牌組H,OP12-061,牌組H,牌組H,
2025-04-17 18:57,小明,OP07-038,小華,OP09-001,小華,小華,
2025-04-18 18:17,阿Ken,OP09-042,店長,OP08-001,店長,阿Ken,
2025-04-19 03:03,常客甲,OP16-080,常客乙,EB03-001,常客甲,常客乙,
2025-04-19 16:49,新手C,OP16-079,老手D,OP01-001,老手D,老手D,
2025-04-20 19:56,週末E,OP02-002,週末F,OP03-022,週末E,週末F,
2025-04-21 18:14,牌組G,OP07-079,牌組H,OP05-060,牌組G,牌組H,測試匯入備註
2025-04-22 04:24,小明,OP08-057,小華,OP06-022,小明,小華,
2025-04-22 15:52,阿Ken,OP09-081,店長,OP10-022,阿Ken,阿Ken,
2025-04-23 19:36,常客甲,OP16-001,常客乙,OP11-040,常客甲,常客甲,
2025-04-24 18:06,新手C,ST10-003,老手D,OP07-038,老手D,新手C,
2025-04-25 04:56,週末E,OP12-061,週末F,OP09-042,週末F,週末E,
2025-04-25 17:26,牌組G,OP09-001,牌組H,OP16-080,牌組H,牌組G,
2025-04-26 18:16,小明,OP08-001,小華,OP16-079,小明,小明,
2025-04-27 16:36,阿Ken,EB03-001,店長,OP02-002,阿Ken,店長,
2025-04-28 06:02,常客甲,OP01-001,常客乙,OP07-079,常客甲,常客甲,鏡像局
2025-04-29 20:02,新手C,OP03-022,老手D,OP08-057,新手C,老手D,
2025-04-29 20:18,週末E,OP05-060,週末F,OP09-081,週末E,週末E,
2025-04-30 17:22,牌組G,OP06-022,牌組H,OP16-001,牌組H,牌組H,GG
2025-05-01 07:37,小明,OP10-022,小華,ST10-003,小明,小明,
2025-05-02 18:00,阿Ken,OP11-040,店長,OP12-061,阿Ken,阿Ken,
2025-05-02 16:45,常客甲,OP07-038,常客乙,OP09-001,常客甲,常客乙,
2025-05-03 18:37,新手C,OP09-042,老手D,OP08-001,新手C,老手D,
2025-05-04 19:25,週末E,OP16-080,週末F,EB03-001,週末E,週末F,測試匯入備註
2025-05-05 02:37,牌組G,OP16-079,牌組H,OP01-001,牌組G,牌組G,
2025-05-05 13:45,小明,OP02-002,小華,OP03-022,小華,小華,
2025-05-06 18:09,阿Ken,OP07-079,店長,OP05-060,店長,阿Ken,
2025-05-07 18:57,常客甲,OP08-057,常客乙,OP06-022,常客甲,常客甲,
2025-05-08 03:53,新手C,OP09-081,老手D,OP10-022,新手C,新手C,
2025-05-08 14:59,週末E,OP16-001,週末F,OP11-040,週末E,週末E,
2025-05-09 14:21,牌組G,ST10-003,牌組H,OP07-038,牌組H,牌組G,
2025-05-10 21:12,小明,OP12-061,小華,OP09-042,小華,小華,
2025-05-11 05:07,阿Ken,OP09-001,店長,OP16-080,阿Ken,店長,
2025-05-11 21:01,常客甲,OP08-001,常客乙,OP16-079,常客甲,常客乙,
2025-05-12 14:08,新手C,EB03-001,老手D,OP02-002,新手C,老手D,
2025-05-13 14:09,週末E,OP01-001,週末F,OP07-079,週末F,週末F,
2025-05-14 06:09,牌組G,OP03-022,牌組H,OP08-057,牌組G,牌組G,
2025-05-14 18:02,小明,OP05-060,小華,OP09-081,小明,小明,
2025-05-15 20:49,阿Ken,OP06-022,店長,OP16-001,店長,店長,
2025-05-16 17:17,常客甲,OP10-022,常客乙,ST10-003,常客乙,常客甲,
2025-05-17 06:58,新手C,OP11-040,老手D,OP12-061,新手C,老手D,測試匯入備註
2025-05-18 20:00,週末E,OP07-038,週末F,OP09-001,週末F,週末F,GG
2025-05-18 20:15,牌組G,OP09-042,牌組H,OP08-001,牌組H,牌組G,
2025-05-19 21:06,小明,OP16-080,小華,EB03-001,小明,小明,
2025-05-20 08:08,阿Ken,OP16-079,店長,OP01-001,店長,阿Ken,
2025-05-21 19:31,常客甲,OP02-002,常客乙,OP03-022,常客甲,常客甲,
2025-05-21 15:39,新手C,OP07-079,老手D,OP05-060,老手D,老手D,鏡像局
2025-05-22 16:41,週末E,OP08-057,週末F,OP06-022,週末E,週末F,
2025-05-23 16:52,牌組G,OP09-081,牌組H,OP10-022,牌組H,牌組H,
2025-05-24 03:33,小明,OP16-001,小華,OP11-040,小明,小華,
2025-05-24 13:44,阿Ken,ST10-003,店長,OP07-038,店長,阿Ken,
2025-05-25 20:10,常客甲,OP12-061,常客乙,OP09-042,常客乙,常客乙,
2025-05-26 20:11,新手C,OP09-001,老手D,OP16-080,老手D,新手C,
2025-05-27 04:36,週末E,OP08-001,週末F,OP16-079,週末E,週末F,
2025-05-27 15:48,牌組G,EB03-001,牌組H,OP02-002,牌組H,牌組G,
2025-05-28 17:00,小明,OP01-001,小華,OP07-079,小明,小明,
2025-05-29 14:26,阿Ken,OP03-022,店長,OP08-057,店長,店長,
2025-05-30 05:42,常客甲,OP05-060,常客乙,OP09-081,常客乙,常客乙,測試匯入備註
2025-05-30 15:36,新手C,OP06-022,老手D,OP16-001,老手D,新手C,
2025-05-31 17:33,週末E,OP10-022,週末F,ST10-003,週末F,週末F,
2025-06-01 16:44,牌組G,OP11-040,牌組H,OP12-061,牌組G,牌組G,
2025-06-02 06:59,小明,OP07-038,小華,OP09-001,小明,小華,
2025-06-03 16:14,阿Ken,OP09-042,店長,OP08-001,店長,阿Ken,
2025-06-03 15:51,常客甲,OP16-080,常客乙,EB03-001,常客乙,常客乙,
2025-06-04 18:38,新手C,OP16-079,老手D,OP01-001,老手D,老手D,GG
2025-06-05 07:20,週末E,OP02-002,週末F,OP03-022,週末F,週末E,
2025-06-06 21:06,牌組G,OP07-079,牌組H,OP05-060,牌組G,牌組G,
2025-06-06 17:11,小明,OP08-057,小華,OP06-022,小華,小明,
2025-06-07 16:43,阿Ken,OP09-081,店長,OP10-022,阿Ken,阿Ken,
2025-06-08 18:34,常客甲,OP16-001,常客乙,OP11-040,常客乙,常客乙,
2025-06-09 02:49,新手C,ST10-003,老手D,OP07-038,老手D,新手C,
2025-06-09 17:37,週末E,OP12-061,週末F,OP09-042,週末F,週末E,
2025-06-10 16:50,牌組G,OP09-001,牌組H,OP16-080,牌組H,牌組H,
2025-06-11 14:07,小明,OP08-001,小華,OP16-079,小華,小明,
2025-06-12 04:17,阿Ken,EB03-001,店長,OP02-002,店長,店長,測試匯入備註
2025-06-12 19:33,常客甲,OP01-001,常客乙,OP07-079,常客甲,常客甲,
2025-06-13 18:21,新手C,OP03-022,老手D,OP08-057,老手D,老手D,
2025-06-14 16:26,週末E,OP05-060,週末F,OP09-081,週末E,週末E,鏡像局
2025-06-15 05:00,牌組G,OP06-022,牌組H,OP16-001,牌組H,牌組H,
2025-06-15 16:01,小明,OP10-022,小華,ST10-003,小明,小華,
2025-06-16 15:38,阿Ken,OP11-040,店長,OP12-061,店長,店長,
2025-06-17 17:52,常客甲,OP07-038,常客乙,OP09-001,常客甲,常客甲,
2025-06-18 06:21,新手C,OP09-042,老手D,OP08-001,老手D,老手D,
2025-06-19 18:53,週末E,OP16-080,週末F,EB03-001,週末F,週末E,
2025-06-19 18:11,牌組G,OP16-079,牌組H,OP01-001,牌組G,牌組G,
2025-06-20 17:54,小明,OP02-002,小華,OP03-022,小明,小明,
2025-06-21 07:07,阿Ken,OP07-079,店長,OP05-060,阿Ken,店長,
2025-06-22 13:40,常客甲,OP08-057,常客乙,OP06-022,常客乙,常客甲,GG
2025-06-22 17:26,新手C,OP09-081,老手D,OP10-022,老手D,新手C,
2025-06-23 15:13,週末E,OP16-001,週末F,OP11-040,週末F,週末E,
2025-06-24 08:22,牌組G,ST10-003,牌組H,OP07-038,牌組G,牌組G,
2025-06-25 14:45,小明,OP12-061,小華,OP09-042,小華,小華,測試匯入備註
2025-06-25 20:17,阿Ken,OP09-001,店長,OP16-080,店長,阿Ken,
2025-06-26 15:38,常客甲,OP08-001,常客乙,OP16-079,常客甲,常客乙,
2025-06-27 16:13,新手C,EB03-001,老手D,OP02-002,新手C,老手D,
2025-06-28 03:35,週末E,OP01-001,週末F,OP07-079,週末F,週末E,
2025-06-28 14:13,牌組G,OP03-022,牌組H,OP08-057,牌組G,牌組H,
2025-06-29 15:15,小明,OP05-060,小華,OP09-081,小明,小明,
2025-06-30 16:24,阿Ken,OP06-022,店長,OP16-001,阿Ken,阿Ken,
2025-07-01 04:30,常客甲,OP10-022,常客乙,ST10-003,常客乙,常客甲,
2025-07-01 21:13,新手C,OP11-040,老手D,OP12-061,新手C,老手D,
2025-07-02 18:19,週末E,OP07-038,週末F,OP09-001,週末F,週末F,
2025-07-03 19:33,牌組G,OP09-042,牌組H,OP08-001,牌組H,牌組G,
2025-07-04 05:44,小明,OP16-080,小華,EB03-001,小華,小明,
2025-07-04 15:53,阿Ken,OP16-079,店長,OP01-001,店長,阿Ken,
2025-07-05 20:15,常客甲,OP02-002,常客乙,OP03-022,常客乙,常客乙,
2025-07-06 16:15,新手C,OP07-079,老手D,OP05-060,新手C,新手C,
2025-07-07 07:10,週末E,OP08-057,週末F,OP06-022,週末E,週末E,
2025-07-08 15:36,牌組G,OP09-081,牌組H,OP10-022,牌組H,牌組H,測試匯入備註
2025-07-08 14:18,小明,OP16-001,小華,OP11-040,小華,小明,
2025-07-09 13:47,阿Ken,ST10-003,店長,OP07-038,店長,阿Ken,GG
2025-07-10 08:10,常客甲,OP12-061,常客乙,OP09-042,常客甲,常客乙,
2025-07-11 15:22,新手C,OP09-001,老手D,OP16-080,老手D,新手C,
2025-07-11 19:35,週末E,OP08-001,週末F,OP16-079,週末F,週末E,
2025-07-12 21:08,牌組G,EB03-001,牌組H,OP02-002,牌組G,牌組H,
2025-07-13 20:10,小明,OP01-001,小華,OP07-079,小華,小明,
2025-07-14 03:09,阿Ken,OP03-022,店長,OP08-057,店長,店長,
2025-07-14 13:41,常客甲,OP05-060,常客乙,OP09-081,常客乙,常客甲,
2025-07-15 16:16,新手C,OP06-022,老手D,OP16-001,新手C,老手D,
2025-07-16 18:40,週末E,OP10-022,週末F,ST10-003,週末E,週末E,
2025-07-17 04:00,牌組G,OP11-040,牌組H,OP12-061,牌組G,牌組H,
2025-07-17 19:28,小明,OP07-038,小華,OP09-001,小明,小華,
2025-07-18 17:12,阿Ken,OP09-042,店長,OP08-001,店長,阿Ken,
2025-07-19 15:14,常客甲,OP16-080,常客乙,EB03-001,常客甲,常客甲,
2025-07-20 05:33,新手C,OP16-079,老手D,OP01-001,新手C,新手C,
2025-07-20 18:12,週末E,OP02-002,週末F,OP03-022,週末F,週末F,測試匯入備註
2025-07-21 20:31,牌組G,OP07-079,牌組H,OP05-060,牌組G,牌組H,
2025-07-22 15:39,小明,OP08-057,小華,OP06-022,小華,小明,
2025-07-23 06:23,阿Ken,OP09-081,店長,OP10-022,店長,店長,
2025-07-23 13:45,常客甲,OP16-001,常客乙,OP11-040,常客甲,常客乙,
2025-07-24 16:47,新手C,ST10-003,老手D,OP07-038,老手D,新手C,
2025-07-25 18:29,週末E,OP12-061,週末F,OP09-042,週末E,週末E,
2025-07-26 07:21,牌組G,OP09-001,牌組H,OP16-080,牌組H,牌組H,
2025-07-27 20:21,小明,OP08-001,小華,OP16-079,小明,小明,GG
2025-07-27 18:06,阿Ken,EB03-001,店長,OP02-002,阿Ken,阿Ken,
2025-07-28 17:38,常客甲,OP01-001,常客乙,OP07-079,常客甲,常客乙,
2025-07-29 21:33,新手C,OP03-022,老手D,OP08-057,新手C,新手C,
2025-07-30 02:46,週末E,OP05-060,週末F,OP09-081,週末F,週末F,
2025-07-30 20:12,牌組G,OP06-022,牌組H,OP16-001,牌組H,牌組H,
2025-07-31 20:12,小明,OP10-022,小華,ST10-003,小明,小華,鏡像局
2025-08-01 21:35,阿Ken,OP11-040,店長,OP12-061,阿Ken,店長,
2025-08-02 03:52,常客甲,OP07-038,常客乙,OP09-001,常客乙,常客甲,
2025-08-02 14:55,新手C,OP09-042,老手D,OP08-001,新手C,老手D,測試匯入備註
2025-08-03 17:40,週末E,OP16-080,週末F,EB03-001,週末F,週末E,
2025-08-04 19:04,牌組G,OP16-079,牌組H,OP01-001,牌組G,牌組H,
2025-08-05 05:05,小明,OP02-002,小華,OP03-022,小華,小明,
2025-08-05 17:03,阿Ken,OP07-079,店長,OP05-060,阿Ken,店長,
2025-08-06 13:52,常客甲,OP08-057,常客乙,OP06-022,常客乙,常客乙,
2025-08-07 20:10,新手C,OP09-081,老手D,OP10-022,老手D,新手C,
2025-08-08 06:03,週末E,OP16-001,週末F,OP11-040,週末F,週末E,
2025-08-08 20:12,牌組G,ST10-003,牌組H,OP07-038,牌組H,牌組G,
2025-08-09 16:55,小明,OP12-061,小華,OP09-042,小華,小華,
2025-08-10 19:59,阿Ken,OP09-001,店長,OP16-080,阿Ken,店長,
2025-08-11 07:22,常客甲,OP08-001,常客乙,OP16-079,常客乙,常客乙,
2025-08-12 18:37,新手C,EB03-001,老手D,OP02-002,新手C,老手D,
2025-08-12 17:09,週末E,OP01-001,週末F,OP07-079,週末E,週末E,
2025-08-13 18:35,牌組G,OP03-022,牌組H,OP08-057,牌組G,牌組G,GG
2025-08-14 08:23,小明,OP05-060,小華,OP09-081,小華,小明,
2025-08-15 18:22,阿Ken,OP06-022,店長,OP16-001,店長,店長,
2025-08-15 18:04,常客甲,OP10-022,常客乙,ST10-003,常客甲,常客乙,測試匯入備註
2025-08-16 20:43,新手C,OP11-040,老手D,OP12-061,新手C,老手D,
2025-08-17 15:22,週末E,OP07-038,週末F,OP09-001,週末E,週末F,
2025-08-18 03:35,牌組G,OP09-042,牌組H,OP08-001,牌組G,牌組H,
2025-08-18 21:41,小明,OP16-080,小華,EB03-001,小明,小華,
2025-08-19 19:52,阿Ken,OP16-079,店長,OP01-001,店長,阿Ken,
2025-08-20 16:00,常客甲,OP02-002,常客乙,OP03-022,常客乙,常客乙,
2025-08-21 04:42,新手C,OP07-079,老手D,OP05-060,新手C,新手C,
2025-08-21 17:17,週末E,OP08-057,週末F,OP06-022,週末F,週末F,
2025-08-22 18:21,牌組G,OP09-081,牌組H,OP10-022,牌組H,牌組G,
2025-08-23 17:25,小明,OP16-001,小華,OP11-040,小華,小明,
2025-08-24 05:32,阿Ken,ST10-003,店長,OP07-038,阿Ken,阿Ken,鏡像局
2025-08-24 14:56,常客甲,OP12-061,常客乙,OP09-042,常客乙,常客甲,
2025-08-25 19:43,新手C,OP09-001,老手D,OP16-080,新手C,新手C,
2025-08-26 16:41,週末E,OP08-001,週末F,OP16-079,週末E,週末E,
2025-08-27 07:03,牌組G,EB03-001,牌組H,OP02-002,牌組G,牌組G,
2025-08-28 16:47,小明,OP01-001,小華,OP07-079,小華,小華,
2025-08-28 16:26,阿Ken,OP03-022,店長,OP08-057,店長,店長,測試匯入備註
2025-08-29 21:11,常客甲,OP05-060,常客乙,OP09-081,常客甲,常客乙,
2025-08-30 08:13,新手C,OP06-022,老手D,OP16-001,新手C,新手C,
2025-08-31 21:09,週末E,OP10-022,週末F,ST10-003,週末E,週末F,GG
2025-08-31 15:21,牌組G,OP11-040,牌組H,OP12-061,牌組G,牌組G,
2025-09-01 13:49,小明,OP07-038,小華,OP09-001,小明,小華,
2025-09-02 20:54,阿Ken,OP09-042,店長,OP08-001,阿Ken,阿Ken,
2025-09-03 02:47,常客甲,OP16-080,常客乙,EB03-001,常客甲,常客乙,
2025-09-03 13:48,新手C,OP16-079,老手D,OP01-001,老手D,新手C,
2025-09-04 16:16,週末E,OP02-002,週末F,OP03-022,週末E,週末E,
2025-09-05 13:51,牌組G,OP07-079,牌組H,OP05-060,牌組H,牌組G,
2025-09-06 03:54,小明,OP08-057,小華,OP06-022,小華,小明,
2025-09-06 17:01,阿Ken,OP09-081,店長,OP10-022,阿Ken,阿Ken,
2025-09-07 16:53,常客甲,OP16-001,常客乙,OP11-040,常客甲,常客乙,
2025-09-08 19:48,新手C,ST10-003,老手D,OP07-038,新手C,老手D,
2025-09-09 04:57,週末E,OP12-061,週末F,OP09-042,週末E,週末F,
2025-09-09 18:47,牌組G,OP09-001,牌組H,OP16-080,牌組H,牌組G,
2025-09-10 17:22,小明,OP08-001,小華,OP16-079,小華,小華,測試匯入備註
2025-09-11 16:08,阿Ken,EB03-001,店長,OP02-002,店長,店長,
2025-09-12 06:07,常客甲,OP01-001,常客乙,OP07-079,常客乙,常客乙,
2025-09-13 16:21,新手C,OP03-022,老手D,OP08-057,新手C,新手C,
2025-09-13 17:44,週末E,OP05-060,週末F,OP09-081,週末F,週末F,
2025-09-14 21:18,牌組G,OP06-022,牌組H,OP16-001,牌組H,牌組H,
2025-09-15 07:06,小明,OP10-022,小華,ST10-003,小華,小華,
2025-09-16 18:03,阿Ken,OP11-040,店長,OP12-061,阿Ken,阿Ken,
2025-09-16 13:51,常客甲,OP07-038,常客乙,OP09-001,常客乙,常客乙,鏡像局
2025-09-17 16:40,新手C,OP09-042,老手D,OP08-001,新手C,新手C,GG
2025-09-18 17:50,週末E,OP16-080,週末F,EB03-001,週末E,週末E,
2025-09-19 02:23,牌組G,OP16-079,牌組H,OP01-001,牌組H,牌組H,
2025-09-19 18:38,小明,OP02-002,小華,OP03-022,小明,小明,
2025-09-20 17:03,阿Ken,OP07-079,店長,OP05-060,阿Ken,店長,
2025-09-21 20:16,常客甲,OP08-057,常客乙,OP06-022,常客乙,常客甲,
2025-09-22 03:44,新手C,OP09-081,老手D,OP10-022,老手D,新手C,
2025-09-22 14:34,週末E,OP16-001,週末F,OP11-040,週末F,週末F,
2025-09-23 13:57,牌組G,ST10-003,牌組H,OP07-038,牌組G,牌組H,測試匯入備註
2025-09-24 20:56,小明,OP12-061,小華,OP09-042,小華,小明,
2025-09-25 05:00,阿Ken,OP09-001,店長,OP16-080,阿Ken,阿Ken,
2025-09-25 19:33,常客甲,OP08-001,常客乙,OP16-079,常客甲,常客甲,
2025-09-26 20:17,新手C,EB03-001,老手D,OP02-002,新手C,老手D,
2025-09-27 16:07,週末E,OP01-001,週末F,OP07-079,週末F,週末E,
2025-09-28 05:40,牌組G,OP03-022,牌組H,OP08-057,牌組H,牌組H,
2025-09-28 20:21,小明,OP05-060,小華,OP09-081,小明,小明,
2025-09-29 17:40,阿Ken,OP06-022,店長,OP16-001,阿Ken,阿Ken,
2025-09-30 14:38,常客甲,OP10-022,常客乙,ST10-003,常客甲,常客乙,
2025-10-01 06:58,新手C,OP11-040,老手D,OP12-061,新手C,新手C,
2025-10-02 16:27,週末E,OP07-038,週末F,OP09-001,週末F,週末F,
2025-10-02 13:53,牌組G,OP09-042,牌組H,OP08-001,牌組H,牌組G,
2025-10-03 19:58,小明,OP16-080,小華,EB03-001,小明,小華,
2025-10-04 07:54,阿Ken,OP16-079,店長,OP01-001,店長,阿Ken,
2025-10-05 20:44,常客甲,OP02-002,常客乙,OP03-022,常客甲,常客乙,GG
2025-10-05 15:39,新手C,OP07-079,老手D,OP05-060,老手D,老手D,
2025-10-06 17:31,週末E,OP08-057,週末F,OP06-022,週末E,週末E,測試匯入備註
2025-10-07 13:57,牌組G,OP09-081,牌組H,OP10-022,牌組G,牌組G,
2025-10-08 03:23,小明,OP16-001,小華,OP11-040,小華,小華,
2025-10-08 20:35,阿Ken,ST10-003,店長,OP07-038,店長,阿Ken,
2025-10-09 21:01,常客甲,OP12-061,常客乙,OP09-042,常客乙,常客甲,
2025-10-10 17:42,新手C,OP09-001,老手D,OP16-080,新手C,新手C,鏡像局
2025-10-11 04:12,週末E,OP08-001,週末F,OP16-079,週末E,週末F,
2025-10-11 18:59,牌組G,EB03-001,牌組H,OP02-002,牌組G,牌組H,
2025-10-12 16:00,小明,OP01-001,小華,OP07-079,小明,小明,
2025-10-13 16:31,阿Ken,OP03-022,店長,OP08-057,店長,店長,
2025-10-14 05:39,常客甲,OP05-060,常客乙,OP09-081,常客甲,常客甲,
2025-10-14 15:39,新手C,OP06-022,老手D,OP16-001,新手C,新手C,
2025-10-15 16:09,週末E,OP10-022,週末F,ST10-003,週末F,週末F,
2025-10-16 13:44,牌組G,OP11-040,牌組H,OP12-061,牌組G,牌組G,
2025-10-17 06:59,小明,OP07-038,小華,OP09-001,小明,小華,
2025-10-18 15:16,阿Ken,OP09-042,店長,OP08-001,阿Ken,店長,
2025-10-18 15:06,常客甲,OP16-080,常客乙,EB03-001,常客甲,常客甲,
2025-10-19 18:26,新手C,OP16-079,老手D,OP01-001,新手C,老手D,測試匯入備註
2025-10-20 07:51,週末E,OP02-002,週末F,OP03-022,週末E,週末F,
2025-10-21 15:37,牌組G,OP07-079,牌組H,OP05-060,牌組H,牌組H,
2025-10-21 16:46,小明,OP08-057,小華,OP06-022,小明,小華,
2025-10-22 15:28,阿Ken,OP09-081,店長,OP10-022,店長,店長,GG
2025-10-23 14:53,常客甲,OP16-001,常客乙,OP11-040,常客甲,常客甲,
2025-10-24 03:06,新手C,ST10-003,老手D,OP07-038,老手D,新手C,
2025-10-24 21:22,週末E,OP12-061,週末F,OP09-042,週末E,週末E,
2025-10-25 16:53,牌組G,OP09-001,牌組H,OP16-080,牌組H,牌組G,
2025-10-26 14:55,小明,OP08-001,小華,OP16-079,小明,小華,
2025-10-27 04:30,阿Ken,EB03-001,店長,OP02-002,阿Ken,阿Ken,
2025-10-27 21:03,常客甲,OP01-001,常客乙,OP07-079,常客乙,常客甲,
2025-10-28 13:52,新手C,OP03-022,老手D,OP08-057,老手D,老手D,
2025-10-29 16:21,週末E,OP05-060,週末F,OP09-081,週末F,週末E,
2025-10-30 05:03,牌組G,OP06-022,牌組H,OP16-001,牌組G,牌組G,
2025-10-30 18:00,小明,OP10-022,小華,ST10-003,小明,小華,
2025-10-31 16:22,阿Ken,OP11-040,店長,OP12-061,店長,阿Ken,
2025-11-01 16:48,常客甲,OP07-038,常客乙,OP09-001,常客乙,常客乙,測試匯入備註
2025-11-02 05:51,新手C,OP09-042,老手D,OP08-001,新手C,老手D,
2025-11-02 18:49,週末E,OP16-080,週末F,EB03-001,週末E,週末E,鏡像局
2025-11-03 16:06,牌組G,OP16-079,牌組H,OP01-001,牌組G,牌組H,
2025-11-04 19:52,小明,OP02-002,小華,OP03-022,小明,小明,
2025-11-05 07:17,阿Ken,OP07-079,店長,OP05-060,店長,阿Ken,
2025-11-06 16:00,常客甲,OP08-057,常客乙,OP06-022,常客甲,常客甲,
2025-11-06 19:23,新手C,OP09-081,老手D,OP10-022,老手D,老手D,
2025-11-07 19:03,週末E,OP16-001,週末F,OP11-040,週末E,週末E,
2025-11-08 14:06,牌組G,ST10-003,牌組H,OP07-038,牌組G,牌組H,
2025-11-09 02:03,小明,OP12-061,小華,OP09-042,小華,小明,GG
2025-11-09 15:03,阿Ken,OP09-001,店長,OP16-080,阿Ken,店長,
2025-11-10 20:45,常客甲,OP08-001,常客乙,OP16-079,常客乙,常客甲,
2025-11-11 19:51,新手C,EB03-001,老手D,OP02-002,新手C,新手C,
2025-11-12 03:43,週末E,OP01-001,週末F,OP07-079,週末F,週末F,
2025-11-12 19:57,牌組G,OP03-022,牌組H,OP08-057,牌組H,牌組G,
2025-11-13 20:30,小明,OP05-060,小華,OP09-081,小明,小華,
2025-11-14 20:58,阿Ken,OP06-022,店長,OP16-001,阿Ken,阿Ken,測試匯入備註
2025-11-15 04:18,常客甲,OP10-022,常客乙,ST10-003,常客乙,常客乙,
2025-11-15 14:21,新手C,OP11-040,老手D,OP12-061,新手C,老手D,
2025-11-16 21:16,週末E,OP07-038,週末F,OP09-001,週末F,週末F,
2025-11-17 15:58,牌組G,OP09-042,牌組H,OP08-001,牌組H,牌組H,
2025-11-18 05:36,小明,OP16-080,小華,EB03-001,小明,小華,
2025-11-18 21:25,阿Ken,OP16-079,店長,OP01-001,阿Ken,阿Ken,
2025-11-19 15:47,常客甲,OP02-002,常客乙,OP03-022,常客乙,常客乙,
2025-11-20 16:35,新手C,OP07-079,老手D,OP05-060,新手C,老手D,
2025-11-21 06:42,週末E,OP08-057,週末F,OP06-022,週末E,週末E,
2025-11-22 21:36,牌組G,OP09-081,牌組H,OP10-022,牌組G,牌組G,
2025-11-22 19:03,小明,OP16-001,小華,OP11-040,小明,小華,
2025-11-23 20:47,阿Ken,ST10-003,店長,OP07-038,阿Ken,阿Ken,
2025-11-24 08:01,常客甲,OP12-061,常客乙,OP09-042,常客甲,常客甲,
2025-11-25 18:22,新手C,OP09-001,老手D,OP16-080,新手C,新手C,
2025-11-25 20:13,週末E,OP08-001,週末F,OP16-079,週末E,週末E,
2025-11-26 14:09,牌組G,EB03-001,牌組H,OP02-002,牌組H,牌組H,GG
2025-11-27 16:47,小明,OP01-001,小華,OP07-079,小明,小明,測試匯入備註
2025-11-28 02:52,阿Ken,OP03-022,店長,OP08-057,阿Ken,店長,
2025-11-28 15:04,常客甲,OP05-060,常客乙,OP09-081,常客乙,常客乙,
2025-11-29 17:36,新手C,OP06-022,老手D,OP16-001,老手D,新手C,
2025-11-30 17:24,週末E,OP10-022,週末F,ST10-003,週末F,週末F,
2025-12-01 04:20,牌組G,OP11-040,牌組H,OP12-061,牌組H,牌組H,
2025-12-01 17:27,小明,OP07-038,小華,OP09-001,小華,小明,
2025-12-02 18:23,阿Ken,OP09-042,店長,OP08-001,店長,店長,
2025-12-03 16:42,常客甲,OP16-080,常客乙,EB03-001,常客乙,常客乙,
2025-12-04 05:37,新手C,OP16-079,老手D,OP01-001,老手D,新手C,
2025-12-04 18:46,週末E,OP02-002,週末F,OP03-022,週末E,週末E,
2025-12-05 14:13,牌組G,OP07-079,牌組H,OP05-060,牌組G,牌組H,
2025-12-06 15:26,小明,OP08-057,小華,OP06-022,小華,小華,
2025-12-07 06:16,阿Ken,OP09-081,店長,OP10-022,阿Ken,阿Ken,
2025-12-08 16:27,常客甲,OP16-001,常客乙,OP11-040,常客乙,常客甲,
2025-12-08 18:55,新手C,ST10-003,老手D,OP07-038,老手D,新手C,
2025-12-09 17:39,週末E,OP12-061,週末F,OP09-042,週末F,週末E,
2025-12-10 07:23,牌組G,OP09-001,牌組H,OP16-080,牌組H,牌組G,測試匯入備註
2025-12-11 15:20,小明,OP08-001,小華,OP16-079,小華,小明,
2025-12-11 20:24,阿Ken,EB03-001,店長,OP02-002,阿Ken,店長,
2025-12-12 13:23,常客甲,OP01-001,常客乙,OP07-079,常客乙,常客甲,
2025-12-13 15:19,新手C,OP03-022,老手D,OP08-057,老手D,老手D,
2025-12-14 03:19,週末E,OP05-060,週末F,OP09-081,週末E,週末F,GG
2025-12-14 18:28,牌組G,OP06-022,牌組H,OP16-001,牌組G,牌組H,
2025-12-15 17:26,小明,OP10-022,小華,ST10-003,小明,小明,
2025-12-16 15:25,阿Ken,OP11-040,店長,OP12-061,店長,阿Ken,
2025-12-17 03:46,常客甲,OP07-038,常客乙,OP09-001,常客甲,常客乙,
2025-12-17 19:52,新手C,OP09-042,老手D,OP08-001,新手C,新手C,
2025-12-18 21:05,週末E,OP16-080,週末F,EB03-001,週末F,週末E,
2025-12-19 21:23,牌組G,OP16-079,牌組H,OP01-001,牌組G,牌組H,
2025-12-20 04:42,小明,OP02-002,小華,OP03-022,小華,小明,鏡像局
2025-12-20 18:30,阿Ken,OP07-079,店長,OP05-060,店長,店長,
2025-12-21 14:43,常客甲,OP08-057,常客乙,OP06-022,常客甲,常客乙,
2025-12-22 19:47,新手C,OP09-081,老手D,OP10-022,新手C,新手C,
2025-12-23 05:57,週末E,OP16-001,週末F,OP11-040,週末F,週末F,測試匯入備註
2025-12-24 17:10,牌組G,ST10-003,牌組H,OP07-038,牌組G,牌組G,
2025-12-24 21:12,小明,OP12-061,小華,OP09-042,小華,小華,
2025-12-25 17:41,阿Ken,OP09-001,店長,OP16-080,阿Ken,店長,
2025-12-26 06:47,常客甲,OP08-001,常客乙,OP16-079,常客乙,常客甲,
2025-12-27 14:49,新手C,EB03-001,老手D,OP02-002,老手D,新手C,
2025-12-27 17:56,週末E,OP01-001,週末F,OP07-079,週末E,週末F,
2025-12-28 17:29,牌組G,OP03-022,牌組H,OP08-057,牌組H,牌組H,
2025-12-29 08:18,小明,OP05-060,小華,OP09-081,小明,小華,
2025-12-30 17:13,阿Ken,OP06-022,店長,OP16-001,店長,阿Ken,
2025-12-30 17:37,常客甲,OP10-022,常客乙,ST10-003,常客乙,常客甲,
2025-12-31 17:39,新手C,OP11-040,老手D,OP12-061,新手C,老手D,GG
2026-01-01 15:34,週末E,OP07-038,週末F,OP09-001,週末F,週末E,
2026-01-02 03:34,牌組G,OP09-042,牌組H,OP08-001,牌組H,牌組G,
2026-01-02 15:16,小明,OP16-080,小華,EB03-001,小華,小華,
2026-01-03 21:09,阿Ken,OP16-079,店長,OP01-001,店長,店長,
2026-01-04 20:49,常客甲,OP02-002,常客乙,OP03-022,常客乙,常客乙,
2026-01-05 04:28,新手C,OP07-079,老手D,OP05-060,新手C,新手C,測試匯入備註
2026-01-05 15:09,週末E,OP08-057,週末F,OP06-022,週末E,週末F,
2026-01-06 16:29,牌組G,OP09-081,牌組H,OP10-022,牌組H,牌組G,
2026-01-07 18:37,小明,OP16-001,小華,OP11-040,小華,小明,
2026-01-08 05:43,阿Ken,ST10-003,店長,OP07-038,阿Ken,店長,
2026-01-08 17:53,常客甲,OP12-061,常客乙,OP09-042,常客乙,常客乙,
2026-01-09 17:43,新手C,OP09-001,老手D,OP16-080,老手D,新手C,
2026-01-10 15:01,週末E,OP08-001,週末F,OP16-079,週末E,週末F,
2026-01-11 06:51,牌組G,EB03-001,牌組H,OP02-002,牌組G,牌組G,
2026-01-12 17:53,小明,OP01-001,小華,OP07-079,小華,小明,
2026-01-12 17:44,阿Ken,OP03-022,店長,OP08-057,阿Ken,店長,鏡像局
2026-01-13 20:19,常客甲,OP05-060,常客乙,OP09-081,常客乙,常客乙,
2026-01-14 07:33,新手C,OP06-022,老手D,OP16-001,新手C,老手D,
2026-01-15 19:33,週末E,OP10-022,週末F,ST10-003,週末F,週末E,
2026-01-15 17:05,牌組G,OP11-040,牌組H,OP12-061,牌組G,牌組G,
2026-01-16 14:24,小明,OP07-038,小華,OP09-001,小明,小華,
2026-01-17 21:05,阿Ken,OP09-042,店長,OP08-001,阿Ken,店長,
2026-01-18 02:52,常客甲,OP16-080,常客乙,EB03-001,常客乙,常客甲,測試匯入備註
2026-01-18 19:59,新手C,OP16-079,老手D,OP01-001,新手C,新手C,
2026-01-19 15:09,週末E,OP02-002,週末F,OP03-022,週末E,週末F,
2026-01-20 16:24,牌組G,OP07-079,牌組H,OP05-060,牌組H,牌組G,
2026-01-21 04:08,小明,OP08-057,小華,OP06-022,小明,小華,
2026-01-21 17:58,阿Ken,OP09-081,店長,OP10-022,阿Ken,店長,
2026-01-22 21:19,常客甲,OP16-001,常客乙,OP11-040,常客甲,常客乙,
2026-01-23 19:09,新手C,ST10-003,老手D,OP07-038,老手D,老手D,
2026-01-24 05:23,週末E,OP12-061,週末F,OP09-042,週末E,週末F,
2026-01-24 16:22,牌組G,OP09-001,牌組H,OP16-080,牌組H,牌組H,
2026-01-25 15:52,小明,OP08-001,小華,OP16-079,小明,小明,
2026-01-26 17:11,阿Ken,EB03-001,店長,OP02-002,店長,店長,
2026-01-27 06:28,常客甲,OP01-001,常客乙,OP07-079,常客乙,常客乙,
2026-01-27 14:32,新手C,OP03-022,老手D,OP08-057,新手C,老手D,
2026-01-28 14:16,週末E,OP05-060,週末F,OP09-081,週末E,週末F,
2026-01-29 14:27,牌組G,OP06-022,牌組H,OP16-001,牌組H,牌組G,
2026-01-30 07:12,小明,OP10-022,小華,ST10-003,小明,小明,
2026-01-31 21:17,阿Ken,OP11-040,店長,OP12-061,店長,阿Ken,測試匯入備註
2026-01-31 19:29,常客甲,OP07-038,常客乙,OP09-001,常客甲,常客甲,
2026-02-01 17:13,新手C,OP09-042,老手D,OP08-001,新手C,新手C,
2026-02-02 16:53,週末E,OP16-080,週末F,EB03-001,週末F,週末E,
2026-02-03 02:13,牌組G,OP16-079,牌組H,OP01-001,牌組H,牌組H,
2026-02-03 16:41,小明,OP02-002,小華,OP03-022,小華,小明,
2026-02-04 14:38,阿Ken,OP07-079,店長,OP05-060,阿Ken,店長,GG
2026-02-05 17:53,常客甲,OP08-057,常客乙,OP06-022,常客甲,常客乙,鏡像局
2026-02-06 03:43,新手C,OP09-081,老手D,OP10-022,新手C,老手D,
2026-02-06 20:39,週末E,OP16-001,週末F,OP11-040,週末F,週末F,
2026-02-07 21:22,牌組G,ST10-003,牌組H,OP07-038,牌組H,牌組G,
2026-02-08 19:27,小明,OP12-061,小華,OP09-042,小華,小明,
2026-02-09 04:38,阿Ken,OP09-001,店長,OP16-080,阿Ken,阿Ken,
2026-02-09 20:58,常客甲,OP08-001,常客乙,OP16-079,常客乙,常客甲,
2026-02-10 14:16,新手C,EB03-001,老手D,OP02-002,老手D,新手C,
2026-02-11 20:21,週末E,OP01-001,週末F,OP07-079,週末E,週末F,
2026-02-12 05:59,牌組G,OP03-022,牌組H,OP08-057,牌組G,牌組G,
2026-02-12 16:14,小明,OP05-060,小華,OP09-081,小明,小明,測試匯入備註
2026-02-13 16:57,阿Ken,OP06-022,店長,OP16-001,阿Ken,店長,
2026-02-14 20:24,常客甲,OP10-022,常客乙,ST10-003,常客甲,常客乙,
2026-02-15 06:40,新手C,OP11-040,老手D,OP12-061,新手C,老手D,
2026-02-16 17:27,週末E,OP07-038,週末F,OP09-001,週末F,週末E,
2026-02-16 18:26,牌組G,OP09-042,牌組H,OP08-001,牌組G,牌組H,
2026-02-17 18:28,小明,OP16-080,小華,EB03-001,小明,小明,
2026-02-18 07:27,阿Ken,OP16-079,店長,OP01-001,店長,店長,
2026-02-19 17:53,常客甲,OP02-002,常客乙,OP03-022,常客乙,常客甲,
2026-02-19 18:00,新手C,OP07-079,老手D,OP05-060,新手C,新手C,
2026-02-20 20:34,週末E,OP08-057,週末F,OP06-022,週末E,週末F,
2026-02-21 20:44,牌組G,OP09-081,牌組H,OP10-022,牌組H,牌組G,
2026-02-22 03:54,小明,OP16-001,小華,OP11-040,小明,小華,GG
2026-02-22 20:01,阿Ken,ST10-003,店長,OP07-038,店長,阿Ken,
2026-02-23 15:04,常客甲,OP12-061,常客乙,OP09-042,常客甲,常客乙,
2026-02-24 17:44,新手C,OP09-001,老手D,OP16-080,新手C,老手D,
2026-02-25 04:25,週末E,OP08-001,週末F,OP16-079,週末E,週末F,
2026-02-25 13:46,牌組G,EB03-001,牌組H,OP02-002,牌組G,牌組H,測試匯入備註
2026-02-26 13:56,小明,OP01-001,小華,OP07-079,小華,小華,
2026-02-27 13:29,阿Ken,OP03-022,店長,OP08-057,店長,阿Ken,
2026-02-28 05:22,常客甲,OP05-060,常客乙,OP09-081,常客乙,常客乙,
2026-02-28 20:23,新手C,OP06-022,老手D,OP16-001,老手D,老手D,鏡像局
2026-03-01 18:13,週末E,OP10-022,週末F,ST10-003,週末F,週末F,
2026-03-02 21:02,牌組G,OP11-040,牌組H,OP12-061,牌組G,牌組G,
2026-03-03 06:05,小明,OP07-038,小華,OP09-001,小明,小明,
2026-03-04 14:49,阿Ken,OP09-042,店長,OP08-001,店長,店長,
2026-03-04 14:45,常客甲,OP16-080,常客乙,EB03-001,常客乙,常客甲,
2026-03-05 18:00,新手C,OP16-079,老手D,OP01-001,新手C,老手D,
2026-03-06 07:09,週末E,OP02-002,週末F,OP03-022,週末E,週末E,
2026-03-07 14:56,牌組G,OP07-079,牌組H,OP05-060,牌組H,牌組G,
2026-03-07 14:53,小明,OP08-057,小華,OP06-022,小明,小明,
2026-03-08 18:59,阿Ken,OP09-081,店長,OP10-022,阿Ken,阿Ken,
2026-03-09 19:01,常客甲,OP16-001,常客乙,OP11-040,常客乙,常客乙,
2026-03-10 03:00,新手C,ST10-003,老手D,OP07-038,老手D,新手C,
2026-03-10 17:26,週末E,OP12-061,週末F,OP09-042,週末F,週末E,測試匯入備註
2026-03-11 15:56,牌組G,OP09-001,牌組H,OP16-080,牌組H,牌組G,GG
2026-03-12 15:21,小明,OP08-001,小華,OP16-079,小華,小華,
2026-03-13 04:10,阿Ken,EB03-001,店長,OP02-002,店長,店長,
2026-03-13 15:49,常客甲,OP01-001,常客乙,OP07-079,常客甲,常客甲,
2026-03-14 17:48,新手C,OP03-022,老手D,OP08-057,新手C,老手D,
2026-03-15 19:22,週末E,OP05-060,週末F,OP09-081,週末F,週末E,
2026-03-16 04:55,牌組G,OP06-022,牌組H,OP16-001,牌組H,牌組H,
2026-03-16 17:14,小明,OP10-022,小華,ST10-003,小明,小華,
2026-03-17 14:17,阿Ken,OP11-040,店長,OP12-061,店長,店長,
2026-03-18 18:41,常客甲,OP07-038,常客乙,OP09-001,常客乙,常客乙,
2026-03-19 06:34,新手C,OP09-042,老手D,OP08-001,老手D,老手D,
2026-03-20 13:45,週末E,OP16-080,週末F,EB03-001,週末E,週末F,
2026-03-20 20:56,牌組G,OP16-079,牌組H,OP01-001,牌組G,牌組H,
2026-03-21 20:47,小明,OP02-002,小華,OP03-022,小明,小華,
2026-03-22 06:53,阿Ken,OP07-079,店長,OP05-060,阿Ken,店長,
2026-03-23 19:23,常客甲,OP08-057,常客乙,OP06-022,常客乙,常客甲,
2026-03-23 19:16,新手C,OP09-081,老手D,OP10-022,老手D,老手D,測試匯入備註
2026-03-24 16:15,週末E,OP16-001,週末F,OP11-040,週末F,週末F,鏡像局
2026-03-25 08:12,牌組G,ST10-003,牌組H,OP07-038,牌組G,牌組G,
2026-03-26 14:27,小明,OP12-061,小華,OP09-042,小華,小華,
2026-03-26 16:07,阿Ken,OP09-001,店長,OP16-080,店長,店長,
2026-03-27 16:08,常客甲,OP08-001,常客乙,OP16-079,常客甲,常客甲,
2026-03-28 16:25,新手C,EB03-001,老手D,OP02-002,新手C,老手D,
2026-03-29 03:57,週末E,OP01-001,週末F,OP07-079,週末F,週末E,GG
2026-03-29 16:46,牌組G,OP03-022,牌組H,OP08-057,牌組H,牌組G,
2026-03-30 17:11,小明,OP05-060,小華,OP09-081,小明,小明,
2026-03-31 16:23,阿Ken,OP06-022,店長,OP16-001,店長,阿Ken,
2026-04-01 04:20,常客甲,OP10-022,常客乙,ST10-003,常客乙,常客乙,
2026-04-01 19:12,新手C,OP11-040,老手D,OP12-061,新手C,老手D,
2026-04-02 16:26,週末E,OP07-038,週末F,OP09-001,週末F,週末E,
2026-04-03 18:42,牌組G,OP09-042,牌組H,OP08-001,牌組H,牌組G,
2026-04-04 05:38,小明,OP16-080,小華,EB03-001,小明,小華,
2026-04-04 14:06,阿Ken,OP16-079,店長,OP01-001,店長,店長,
2026-04-05 15:33,常客甲,OP02-002,常客乙,OP03-022,常客甲,常客乙,測試匯入備註
2026-04-06 14:15,新手C,OP07-079,老手D,OP05-060,老手D,老手D,
2026-04-07 06:21,週末E,OP08-057,週末F,OP06-022,週末F,週末F,
2026-04-08 14:27,牌組G,OP09-081,牌組H,OP10-022,牌組G,牌組G,
2026-04-08 16:10,小明,OP16-001,小華,OP11-040,小明,小華,
2026-04-09 16:08,阿Ken,ST10-003,店長,OP07-038,店長,阿Ken,
2026-04-10 07:37,常客甲,OP12-061,常客乙,OP09-042,常客甲,常客甲,
2026-04-11 16:32,新手C,OP09-001,老手D,OP16-080,新手C,老手D,
2026-04-11 18:16,週末E,OP08-001,週末F,OP16-079,週末F,週末E,
2026-04-12 18:37,牌組G,EB03-001,牌組H,OP02-002,牌組H,牌組G,
2026-04-13 15:04,小明,OP01-001,小華,OP07-079,小明,小華,
2026-04-14 02:50,阿Ken,OP03-022,店長,OP08-057,阿Ken,阿Ken,
2026-04-14 19:08,常客甲,OP05-060,常客乙,OP09-081,常客乙,常客甲,
2026-04-15 15:09,新手C,OP06-022,老手D,OP16-001,新手C,老手D,GG
2026-04-16 14:40,週末E,OP10-022,週末F,ST10-003,週末E,週末E,
2026-04-17 04:19,牌組G,OP11-040,牌組H,OP12-061,牌組H,牌組G,鏡像局
2026-04-17 18:07,小明,OP07-038,小華,OP09-001,小明,小華,
2026-04-18 14:30,阿Ken,OP09-042,店長,OP08-001,阿Ken,店長,測試匯入備註
2026-04-19 16:27,常客甲,OP16-080,常客乙,EB03-001,常客甲,常客甲,
2026-04-20 05:01,新手C,OP16-079,老手D,OP01-001,老手D,老手D,
2026-04-20 20:15,週末E,OP02-002,週末F,OP03-022,週末F,週末F,
2026-04-21 15:29,牌組G,OP07-079,牌組H,OP05-060,牌組G,牌組H,
2026-04-22 16:13,小明,OP08-057,小華,OP06-022,小明,小華,
2026-04-23 06:35,阿Ken,OP09-081,店長,OP10-022,店長,阿Ken,
2026-04-24 15:08,常客甲,OP16-001,常客乙,OP11-040,常客甲,常客甲,
2026-04-24 19:27,新手C,ST10-003,老手D,OP07-038,老手D,老手D,
2026-04-25 14:12,週末E,OP12-061,週末F,OP09-042,週末E,週末E,
2026-04-26 07:49,牌組G,OP09-001,牌組H,OP16-080,牌組G,牌組G,
2026-04-27 15:06,小明,OP08-001,小華,OP16-079,小明,小明,
2026-04-27 17:42,阿Ken,EB03-001,店長,OP02-002,店長,阿Ken,
2026-04-28 21:15,常客甲,OP01-001,常客乙,OP07-079,常客乙,常客乙,
2026-04-29 08:12,新手C,OP03-022,老手D,OP08-057,新手C,老手D,
2026-04-30 20:31,週末E,OP05-060,週末F,OP09-081,週末F,週末F,
2026-04-30 18:04,牌組G,OP06-022,牌組H,OP16-001,牌組G,牌組G,
2026-05-01 17:52,小明,OP10-022,小華,ST10-003,小華,小明,測試匯入備註
2026-05-02 15:48,阿Ken,OP11-040,店長,OP12-061,店長,店長,
2026-05-03 03:47,常客甲,OP07-038,常客乙,OP09-001,常客甲,常客乙,GG
2026-05-03 20:43,新手C,OP09-042,老手D,OP08-001,新手C,新手C,
2026-05-04 18:54,週末E,OP16-080,週末F,EB03-001,週末E,週末E,
2026-05-05 18:32,牌組G,OP16-079,牌組H,OP01-001,牌組H,牌組H,
2026-05-06 04:55,小明,OP02-002,小華,OP03-022,小明,小華,
2026-05-06 13:28,阿Ken,OP07-079,店長,OP05-060,阿Ken,店長,
2026-05-07 17:05,常客甲,OP08-057,常客乙,OP06-022,常客乙,常客甲,
2026-05-08 15:06,新手C,OP09-081,老手D,OP10-022,新手C,老手D,
2026-05-09 06:00,週末E,OP16-001,週末F,OP11-040,週末E,週末F,
2026-05-09 13:51,牌組G,ST10-003,牌組H,OP07-038,牌組G,牌組G,
2026-05-10 16:57,小明,OP12-061,小華,OP09-042,小華,小明,鏡像局
2026-05-11 20:53,阿Ken,OP09-001,店長,OP16-080,阿Ken,阿Ken,
2026-05-12 07:06,常客甲,OP08-001,常客乙,OP16-079,常客乙,常客甲,
2026-05-13 21:18,新手C,EB03-001,老手D,OP02-002,老手D,新手C,
2026-05-13 18:09,週末E,OP01-001,週末F,OP07-079,週末E,週末F,
2026-05-14 13:59,牌組G,OP03-022,牌組H,OP08-057,牌組G,牌組G,測試匯入備註
2026-05-15 08:23,小明,OP05-060,小華,OP09-081,小明,小明,
2026-05-16 17:26,阿Ken,OP06-022,店長,OP16-001,阿Ken,店長,
2026-05-16 19:10,常客甲,OP10-022,常客乙,ST10-003,常客甲,常客乙,
2026-05-17 14:57,新手C,OP11-040,老手D,OP12-061,老手D,老手D,
2026-05-18 18:02,週末E,OP07-038,週末F,OP09-001,週末E,週末E,
2026-05-19 03:26,牌組G,OP09-042,牌組H,OP08-001,牌組H,牌組G,
2026-05-19 18:10,小明,OP16-080,小華,EB03-001,小華,小明,
2026-05-20 19:47,阿Ken,OP16-079,店長,OP01-001,阿Ken,店長,GG
2026-05-21 15:41,常客甲,OP02-002,常客乙,OP03-022,常客乙,常客乙,
2026-05-22 04:44,新手C,OP07-079,老手D,OP05-060,新手C,老手D,
2026-05-22 17:15,週末E,OP08-057,週末F,OP06-022,週末F,週末E,
2026-05-23 19:06,牌組G,OP09-081,牌組H,OP10-022,牌組G,牌組G,
2026-05-24 20:31,小明,OP16-001,小華,OP11-040,小華,小明,
2026-05-25 05:34,阿Ken,ST10-003,店長,OP07-038,店長,阿Ken,
2026-05-25 15:40,常客甲,OP12-061,常客乙,OP09-042,常客甲,常客甲,
2026-05-26 14:41,新手C,OP09-001,老手D,OP16-080,新手C,老手D,
2026-05-27 20:29,週末E,OP08-001,週末F,OP16-079,週末E,週末F,測試匯入備註
2026-05-28 06:37,牌組G,EB03-001,牌組H,OP02-002,牌組H,牌組G,
2026-05-29 17:53,小明,OP01-001,小華,OP07-079,小明,小明,
2026-05-29 18:23,阿Ken,OP03-022,店長,OP08-057,店長,阿Ken,
2026-05-30 16:59,常客甲,OP05-060,常客乙,OP09-081,常客甲,常客甲,
2026-05-31 07:30,新手C,OP06-022,老手D,OP16-001,新手C,老手D,
2026-06-01 15:34,週末E,OP10-022,週末F,ST10-003,週末F,週末F,
2026-06-01 17:59,牌組G,OP11-040,牌組H,OP12-061,牌組H,牌組G,
2026-06-02 13:44,小明,OP07-038,小華,OP09-001,小華,小華,
2026-06-03 21:28,阿Ken,OP09-042,店長,OP08-001,店長,店長,鏡像局
2026-06-04 03:14,常客甲,OP16-080,常客乙,EB03-001,常客甲,常客乙,
2026-06-04 19:40,新手C,OP16-079,老手D,OP01-001,老手D,老手D,
2026-06-05 14:41,週末E,OP02-002,週末F,OP03-022,週末E,週末F,
2026-06-06 15:39,牌組G,OP07-079,牌組H,OP05-060,牌組H,牌組H,
2026-06-07 04:17,小明,OP08-057,小華,OP06-022,小明,小華,GG
2026-06-07 18:46,阿Ken,OP09-081,店長,OP10-022,店長,店長,
2026-06-08 14:01,常客甲,OP16-001,常客乙,OP11-040,常客甲,常客甲,
2026-06-09 19:28,新手C,ST10-003,老手D,OP07-038,老手D,老手D,測試匯入備註
2026-06-10 04:58,週末E,OP12-061,週末F,OP09-042,週末E,週末F,
2026-06-10 20:46,牌組G,OP09-001,牌組H,OP16-080,牌組H,牌組H,
2026-06-11 13:29,小明,OP08-001,小華,OP16-079,小華,小明,
2026-06-12 16:05,阿Ken,EB03-001,店長,OP02-002,阿Ken,阿Ken,
2026-06-13 05:51,常客甲,OP01-001,常客乙,OP07-079,常客乙,常客甲,
2026-06-13 21:23,新手C,OP03-022,老手D,OP08-057,新手C,新手C,
2026-06-14 21:00,週末E,OP05-060,週末F,OP09-081,週末E,週末E,
2026-06-15 15:37,牌組G,OP06-022,牌組H,OP16-001,牌組H,牌組G,
2026-06-16 07:06,小明,OP10-022,小華,ST10-003,小明,小明,
2026-06-17 20:00,阿Ken,OP11-040,店長,OP12-061,店長,店長,
2026-06-17 20:39,常客甲,OP07-038,常客乙,OP09-001,常客乙,常客乙,
2026-06-18 19:43,新手C,OP09-042,老手D,OP08-001,新手C,新手C,
2026-06-19 17:44,週末E,OP16-080,週末F,EB03-001,週末F,週末E,
2026-06-20 02:49,牌組G,OP16-079,牌組H,OP01-001,牌組G,牌組G,
2026-06-20 16:38,小明,OP02-002,小華,OP03-022,小明,小明,
2026-06-21 16:15,阿Ken,OP07-079,店長,OP05-060,阿Ken,店長,
2026-06-22 14:12,常客甲,OP08-057,常客乙,OP06-022,常客甲,常客甲,測試匯入備註
2026-06-23 03:46,新手C,OP09-081,老手D,OP10-022,新手C,新手C,
2026-06-23 14:58,週末E,OP16-001,週末F,OP11-040,週末F,週末E,
2026-06-24 18:10,牌組G,ST10-003,牌組H,OP07-038,牌組G,牌組H,GG
2026-06-25 17:20,小明,OP12-061,小華,OP09-042,小華,小華,
2026-06-26 04:55,阿Ken,OP09-001,店長,OP16-080,店長,阿Ken,
2026-06-26 14:33,常客甲,OP08-001,常客乙,OP16-079,常客乙,常客甲,鏡像局
2026-06-27 20:49,新手C,EB03-001,老手D,OP02-002,老手D,老手D,
2026-06-28 14:42,週末E,OP01-001,週末F,OP07-079,週末E,週末F,
2026-06-29 05:36,牌組G,OP03-022,牌組H,OP08-057,牌組H,牌組G,
2026-06-29 21:37,小明,OP05-060,小華,OP09-081,小明,小華,
2026-06-30 16:55,阿Ken,OP06-022,店長,OP16-001,店長,阿Ken,
2026-07-01 18:16,常客甲,OP10-022,常客乙,ST10-003,常客甲,常客甲,
2026-07-02 07:01,新手C,OP11-040,老手D,OP12-061,老手D,老手D,
